Array length,Registers,Seed,Run,Threads,Time,Percent error
25,14,1,1,1,1.21089670899983,0.226281
26,14,1,1,1,2.72818029200016,0.278581
27,14,1,1,1,5.5593769459997,0.453553
28,14,1,1,1,11.119938546,1.591019
29,14,1,1,1,19.4065443560003,0.534132
30,14,1,1,1,38.862263819,0.646681
25,14,1,1,2,0.620583248999992,0.226281
26,14,1,1,2,1.38553153900011,0.278581
27,14,1,1,2,2.68608384499976,0.453553
28,14,1,1,2,5.51002643099991,1.591019
29,14,1,1,2,10.0406040810003,0.534132
30,14,1,1,2,19.4302329049997,0.646681
25,14,1,1,3,0.429558619999625,0.226281
26,14,1,1,3,0.921489576000113,0.278581
27,14,1,1,3,1.81948625799987,0.453553
28,14,1,1,3,3.66171792499972,1.591019
29,14,1,1,3,6.74533531100042,0.534132
30,14,1,1,3,12.9765843739997,0.646681
25,14,1,1,4,0.315961313000116,0.226281
26,14,1,1,4,0.685194953000064,0.278581
27,14,1,1,4,1.34677556299994,0.453553
28,14,1,1,4,2.74207410899999,1.591019
29,14,1,1,4,4.93384919100026,0.534132
30,14,1,1,4,9.80154644300001,0.646681
25,14,1,1,5,0.313244756000131,0.226281
26,14,1,1,5,0.677099295000062,0.278581
27,14,1,1,5,1.42351048399996,0.453553
28,14,1,1,5,2.52069068099991,1.591019
29,14,1,1,5,4.8824222610001,0.534132
30,14,1,1,5,9.9957410449997,0.646681
25,14,1,1,6,0.291092209999988,0.226281
26,14,1,1,6,0.582312082000044,0.278581
27,14,1,1,6,1.12309210700005,0.453553
28,14,1,1,6,2.28130438900007,1.591019
29,14,1,1,6,4.59940615399955,0.534132
30,14,1,1,6,9.29525971300063,0.646681
25,14,1,1,7,0.27581466699985,0.226281
26,14,1,1,7,0.542373672999929,0.278581
27,14,1,1,7,1.10817890599992,0.453553
28,14,1,1,7,2.17424426399975,1.591019
29,14,1,1,7,4.23151006900025,0.534132
30,14,1,1,7,8.34711711299951,0.646681
25,14,1,1,8,0.254099405999568,0.226281
26,14,1,1,8,0.49231469499955,0.278581
27,14,1,1,8,0.966308353999921,0.453553
28,14,1,1,8,1.90454918000023,1.591019
29,14,1,1,8,3.80723278700043,0.534132
30,14,1,1,8,7.60818703600034,0.646681
25,14,1,2,1,1.24539653500005,0.226281
26,14,1,2,1,2.720904625,0.278581
27,14,1,2,1,5.47908197200013,0.453553
28,14,1,2,1,11.068589811,1.591019
29,14,1,2,1,19.3954880970005,0.534132
30,14,1,2,1,38.7058627010001,0.646681
25,14,1,2,2,0.620385057000021,0.226281
26,14,1,2,2,1.26276848999987,0.278581
27,14,1,2,2,2.71110041199972,0.453553
28,14,1,2,2,5.46583315699991,1.591019
29,14,1,2,2,9.71670906500003,0.534132
30,14,1,2,2,19.4353173509999,0.646681
25,14,1,2,3,0.412712618000114,0.226281
26,14,1,2,3,0.931313725000109,0.278581
27,14,1,2,3,1.87932268099985,0.453553
28,14,1,2,3,3.63985343500008,1.591019
29,14,1,2,3,6.49834702899989,0.534132
30,14,1,2,3,13.0362404500002,0.646681
25,14,1,2,4,0.339004787000249,0.226281
26,14,1,2,4,0.685713117000432,0.278581
27,14,1,2,4,1.39757802299982,0.453553
28,14,1,2,4,2.75183593200018,1.591019
29,14,1,2,4,6.61944803900042,0.534132
30,14,1,2,4,9.75376160999986,0.646681
25,14,1,2,5,0.304987108000205,0.226281
26,14,1,2,5,0.611682008999651,0.278581
27,14,1,2,5,1.37350695500027,0.453553
28,14,1,2,5,2.44660587700037,1.591019
29,14,1,2,5,4.75578041199969,0.534132
30,14,1,2,5,10.2330276039993,0.646681
25,14,1,2,6,0.295213704000162,0.226281
26,14,1,2,6,0.566993136999827,0.278581
27,14,1,2,6,1.20064804999993,0.453553
28,14,1,2,6,2.33854587799988,1.591019
29,14,1,2,6,4.52358425900002,0.534132
30,14,1,2,6,9.31412229800026,0.646681
25,14,1,2,7,0.266495716999998,0.226281
26,14,1,2,7,0.546406061000198,0.278581
27,14,1,2,7,1.08321643299996,0.453553
28,14,1,2,7,2.2113100319998,1.591019
29,14,1,2,7,4.21493161400031,0.534132
30,14,1,2,7,8.42357895700025,0.646681
25,14,1,2,8,0.246655200000077,0.226281
26,14,1,2,8,0.487464131999786,0.278581
27,14,1,2,8,0.96892683499982,0.453553
28,14,1,2,8,1.9286545230002,1.591019
29,14,1,2,8,3.8032585130004,0.534132
30,14,1,2,8,7.30904379999993,0.646681
25,14,1,3,1,1.2236803740002,0.226281
26,14,1,3,1,2.7951181149997,0.278581
27,14,1,3,1,5.51620866899975,0.453553
28,14,1,3,1,11.0056731049999,1.591019
29,14,1,3,1,19.4260468779994,0.534132
30,14,1,3,1,38.7599973750002,0.646681
25,14,1,3,2,0.628797725999902,0.226281
26,14,1,3,2,1.37364389200002,0.278581
27,14,1,3,2,2.75612376200024,0.453553
28,14,1,3,2,5.45562620300007,1.591019
29,14,1,3,2,9.78655079000055,0.534132
30,14,1,3,2,19.4553598310004,0.646681
25,14,1,3,3,0.415664212000138,0.226281
26,14,1,3,3,0.903679111000201,0.278581
27,14,1,3,3,1.84304716299994,0.453553
28,14,1,3,3,3.50782948099959,1.591019
29,14,1,3,3,6.59129264800049,0.534132
30,14,1,3,3,13.0277838780003,0.646681
25,14,1,3,4,0.313588150000214,0.226281
26,14,1,3,4,0.692001611999785,0.278581
27,14,1,3,4,1.3522636560001,0.453553
28,14,1,3,4,2.7293075499997,1.591019
29,14,1,3,4,5.01427560299999,0.534132
30,14,1,3,4,9.75460643899987,0.646681
25,14,1,3,5,0.315608480000265,0.226281
26,14,1,3,5,0.626021104000301,0.278581
27,14,1,3,5,1.27422608899997,0.453553
28,14,1,3,5,2.49600925300001,1.591019
29,14,1,3,5,5.42590745199959,0.534132
30,14,1,3,5,10.6691149649996,0.646681
25,14,1,3,6,0.298884014000123,0.226281
26,14,1,3,6,0.594948033000037,0.278581
27,14,1,3,6,1.16766133600004,0.453553
28,14,1,3,6,2.27642501799983,1.591019
29,14,1,3,6,4.62119270899984,0.534132
30,14,1,3,6,9.18809696700009,0.646681
25,14,1,3,7,0.254856620999817,0.226281
26,14,1,3,7,0.547268978999909,0.278581
27,14,1,3,7,1.08136019299991,0.453553
28,14,1,3,7,2.16819370199983,1.591019
29,14,1,3,7,4.25850978499966,0.534132
30,14,1,3,7,8.39365855699998,0.646681
25,14,1,3,8,0.248750171999745,0.226281
26,14,1,3,8,0.487248774000363,0.278581
27,14,1,3,8,0.955968658000074,0.453553
28,14,1,3,8,1.93284186999972,1.591019
29,14,1,3,8,3.80208451899944,0.534132
30,14,1,3,8,7.53181997000047,0.646681
25,14,1,4,1,1.21757152600003,0.226281
26,14,1,4,1,2.77118852500007,0.278581
27,14,1,4,1,5.49506121400009,0.453553
28,14,1,4,1,10.9974966179998,1.591019
29,14,1,4,1,19.524297076,0.534132
30,14,1,4,1,38.8536405340001,0.646681
25,14,1,4,2,0.614949434999744,0.226281
26,14,1,4,2,1.38501241699987,0.278581
27,14,1,4,2,2.730681473,0.453553
28,14,1,4,2,5.45168160200001,1.591019
29,14,1,4,2,9.76662215000033,0.534132
30,14,1,4,2,19.5451600749993,0.646681
25,14,1,4,3,0.419980940000187,0.226281
26,14,1,4,3,0.912776610000037,0.278581
27,14,1,4,3,1.81197839099968,0.453553
28,14,1,4,3,3.67221375899999,1.591019
29,14,1,4,3,6.52759900100045,0.534132
30,14,1,4,3,12.9529219899996,0.646681
25,14,1,4,4,0.42172256799995,0.226281
26,14,1,4,4,0.847357109999848,0.278581
27,14,1,4,4,1.37202996299993,0.453553
28,14,1,4,4,2.75595989600015,1.591019
29,14,1,4,4,4.96747165099987,0.534132
30,14,1,4,4,9.73964673799946,0.646681
25,14,1,4,5,0.334891835000235,0.226281
26,14,1,4,5,0.622735068000111,0.278581
27,14,1,4,5,1.26745132900032,0.453553
28,14,1,4,5,2.70157427000004,1.591019
29,14,1,4,5,4.71554263899998,0.534132
30,14,1,4,5,9.92600764899998,0.646681
25,14,1,4,6,0.311879181999757,0.226281
26,14,1,4,6,0.575363366000147,0.278581
27,14,1,4,6,1.19708532599998,0.453553
28,14,1,4,6,2.28053509799975,1.591019
29,14,1,4,6,4.65081135299988,0.534132
30,14,1,4,6,9.24666323899964,0.646681
25,14,1,4,7,0.270141331000104,0.226281
26,14,1,4,7,0.539935516999776,0.278581
27,14,1,4,7,1.05341423099981,0.453553
28,14,1,4,7,2.12203185899989,1.591019
29,14,1,4,7,4.33367560699935,0.534132
30,14,1,4,7,8.36089267500029,0.646681
25,14,1,4,8,0.243235546000051,0.226281
26,14,1,4,8,0.476644067000052,0.278581
27,14,1,4,8,0.956548198000291,0.453553
28,14,1,4,8,1.89811763099988,1.591019
29,14,1,4,8,3.82617211500019,0.534132
30,14,1,4,8,7.60523854700023,0.646681
25,14,1,5,1,1.2146034729999,0.226281
26,14,1,5,1,2.7219020890002,0.278581
27,14,1,5,1,5.43690527199988,0.453553
28,14,1,5,1,10.7949327310002,1.591019
29,14,1,5,1,19.768320741,0.534132
30,14,1,5,1,38.9487723439997,0.646681
25,14,1,5,2,0.617791824000051,0.226281
26,14,1,5,2,1.36187083300001,0.278581
27,14,1,5,2,2.73169383499999,0.453553
28,14,1,5,2,5.46521263799968,1.591019
29,14,1,5,2,9.87441337900054,0.534132
30,14,1,5,2,19.4189741700002,0.646681
25,14,1,5,3,0.435093419000168,0.226281
26,14,1,5,3,0.940761047999786,0.278581
27,14,1,5,3,1.78659191600036,0.453553
28,14,1,5,3,3.68280709200008,1.591019
29,14,1,5,3,6.55471680099981,0.534132
30,14,1,5,3,13.0361048060004,0.646681
25,14,1,5,4,0.32865797300019,0.226281
26,14,1,5,4,0.755127852999976,0.278581
27,14,1,5,4,1.33256393700003,0.453553
28,14,1,5,4,2.69134039099981,1.591019
29,14,1,5,4,4.97769064300064,0.534132
30,14,1,5,4,9.7670560229999,0.646681
25,14,1,5,5,0.31791634900037,0.226281
26,14,1,5,5,0.649855400999968,0.278581
27,14,1,5,5,1.24852070399993,0.453553
28,14,1,5,5,2.59969274300011,1.591019
29,14,1,5,5,4.82790385000044,0.534132
30,14,1,5,5,9.7594908760002,0.646681
25,14,1,5,6,0.303132925000227,0.226281
26,14,1,5,6,0.586714095999923,0.278581
27,14,1,5,6,1.16962262800007,0.453553
28,14,1,5,6,2.251472122,1.591019
29,14,1,5,6,4.59804815299958,0.534132
30,14,1,5,6,9.28385575800075,0.646681
25,14,1,5,7,0.272236003000216,0.226281
26,14,1,5,7,0.539375912000196,0.278581
27,14,1,5,7,1.09172857899966,0.453553
28,14,1,5,7,2.16697850300034,1.591019
29,14,1,5,7,4.24420805499994,0.534132
30,14,1,5,7,8.54158665799969,0.646681
25,14,1,5,8,0.247576191000007,0.226281
26,14,1,5,8,0.490006423000068,0.278581
27,14,1,5,8,0.956117985000219,0.453553
28,14,1,5,8,1.9316368599998,1.591019
29,14,1,5,8,3.80171245600013,0.534132
30,14,1,5,8,7.5499186699999,0.646681
25,14,1,6,1,1.21595401200011,0.226281
26,14,1,6,1,2.79609538600016,0.278581
27,14,1,6,1,5.48658581900008,0.453553
28,14,1,6,1,11.1058682520002,1.591019
29,14,1,6,1,19.5070155149997,0.534132
30,14,1,6,1,38.7413646659998,0.646681
25,14,1,6,2,0.618571828999848,0.226281
26,14,1,6,2,1.36002177,0.278581
27,14,1,6,2,2.76360583499991,0.453553
28,14,1,6,2,5.49681585500002,1.591019
29,14,1,6,2,9.76586391000001,0.534132
30,14,1,6,2,19.4824072539996,0.646681
25,14,1,6,3,0.41660435499989,0.226281
26,14,1,6,3,0.903813575000186,0.278581
27,14,1,6,3,1.8231721420002,0.453553
28,14,1,6,3,3.70260769300012,1.591019
29,14,1,6,3,6.6444937389997,0.534132
30,14,1,6,3,12.9702668250002,0.646681
25,14,1,6,4,0.324388207000084,0.226281
26,14,1,6,4,0.672116626999923,0.278581
27,14,1,6,4,1.69055967800023,0.453553
28,14,1,6,4,2.77381160899995,1.591019
29,14,1,6,4,4.99162910199993,0.534132
30,14,1,6,4,9.73648449200027,0.646681
25,14,1,6,5,0.306539336000242,0.226281
26,14,1,6,5,0.597028994000084,0.278581
27,14,1,6,5,1.25236482399987,0.453553
28,14,1,6,5,2.52732016699974,1.591019
29,14,1,6,5,5.17185777100076,0.534132
30,14,1,6,5,10.1191205960004,0.646681
25,14,1,6,6,0.286845316999916,0.226281
26,14,1,6,6,0.598081434000051,0.278581
27,14,1,6,6,1.202588913,0.453553
28,14,1,6,6,2.31472844599966,1.591019
29,14,1,6,6,4.51898720600002,0.534132
30,14,1,6,6,9.01750286200058,0.646681
25,14,1,6,7,0.276103539999895,0.226281
26,14,1,6,7,0.542269326000223,0.278581
27,14,1,6,7,1.1113213929998,0.453553
28,14,1,6,7,2.13666069099963,1.591019
29,14,1,6,7,4.23318394499984,0.534132
30,14,1,6,7,8.27553751599953,0.646681
25,14,1,6,8,0.2537205980002,0.226281
26,14,1,6,8,0.482152312999915,0.278581
27,14,1,6,8,0.963834080000197,0.453553
28,14,1,6,8,1.93275676300027,1.591019
29,14,1,6,8,3.80304894400069,0.534132
30,14,1,6,8,7.60886556100013,0.646681
25,14,1,7,1,1.21087847900026,0.226281
26,14,1,7,1,2.73755681200009,0.278581
27,14,1,7,1,5.59492975900002,0.453553
28,14,1,7,1,11.0463072789998,1.591019
29,14,1,7,1,19.4037888929997,0.534132
30,14,1,7,1,38.7454791829996,0.646681
25,14,1,7,2,0.618057230999966,0.226281
26,14,1,7,2,1.38180278900018,0.278581
27,14,1,7,2,2.74559223599999,0.453553
28,14,1,7,2,5.67285205400003,1.591019
29,14,1,7,2,9.81092443300076,0.534132
30,14,1,7,2,19.4498406160001,0.646681
25,14,1,7,3,0.416164970999944,0.226281
26,14,1,7,3,0.896371164999891,0.278581
27,14,1,7,3,1.8256552910002,0.453553
28,14,1,7,3,3.60886806500002,1.591019
29,14,1,7,3,6.5302865980002,0.534132
30,14,1,7,3,12.9930722749996,0.646681
25,14,1,7,4,0.318594394000229,0.226281
26,14,1,7,4,0.704901239000264,0.278581
27,14,1,7,4,1.71204144100011,0.453553
28,14,1,7,4,2.7753449249999,1.591019
29,14,1,7,4,6.64902765399984,0.534132
30,14,1,7,4,9.73393141500037,0.646681
25,14,1,7,5,0.304517860000033,0.226281
26,14,1,7,5,0.659917141999813,0.278581
27,14,1,7,5,1.22166683900014,0.453553
28,14,1,7,5,2.5304099330001,1.591019
29,14,1,7,5,4.74082135000026,0.534132
30,14,1,7,5,10.679065157,0.646681
25,14,1,7,6,0.298342566999963,0.226281
26,14,1,7,6,0.609530788000029,0.278581
27,14,1,7,6,1.17712994300018,0.453553
28,14,1,7,6,2.31784588099981,1.591019
29,14,1,7,6,4.56369774299947,0.534132
30,14,1,7,6,9.04901643199992,0.646681
25,14,1,7,7,0.269229515000006,0.226281
26,14,1,7,7,0.542470355000205,0.278581
27,14,1,7,7,1.09918339900014,0.453553
28,14,1,7,7,2.1753794389997,1.591019
29,14,1,7,7,4.16927146499984,0.534132
30,14,1,7,7,8.56620562500029,0.646681
25,14,1,7,8,0.248475092000263,0.226281
26,14,1,7,8,0.484976763000304,0.278581
27,14,1,7,8,0.969436506999955,0.453553
28,14,1,7,8,1.9106841429998,1.591019
29,14,1,7,8,3.84113910300039,0.534132
30,14,1,7,8,7.5259959469995,0.646681
25,14,1,8,1,1.23178932600013,0.226281
26,14,1,8,1,2.69342666000011,0.278581
27,14,1,8,1,5.43987339599971,0.453553
28,14,1,8,1,11.03583054,1.591019
29,14,1,8,1,19.4981363549996,0.534132
30,14,1,8,1,38.7348451339994,0.646681
25,14,1,8,2,0.620112613999936,0.226281
26,14,1,8,2,1.35332253900015,0.278581
27,14,1,8,2,2.77681119999988,0.453553
28,14,1,8,2,5.46427213700008,1.591019
29,14,1,8,2,9.8595338289997,0.534132
30,14,1,8,2,19.4318392929999,0.646681
25,14,1,8,3,0.44554142700008,0.226281
26,14,1,8,3,0.915788155999962,0.278581
27,14,1,8,3,1.81380525600025,0.453553
28,14,1,8,3,3.68065016800028,1.591019
29,14,1,8,3,6.61697020200063,0.534132
30,14,1,8,3,12.9506889370005,0.646681
25,14,1,8,4,0.312984989000142,0.226281
26,14,1,8,4,0.671115166999698,0.278581
27,14,1,8,4,1.37187233000031,0.453553
28,14,1,8,4,2.78294301400001,1.591019
29,14,1,8,4,4.96735427800013,0.534132
30,14,1,8,4,9.72411528900011,0.646681
25,14,1,8,5,0.319161560000339,0.226281
26,14,1,8,5,0.624676553999961,0.278581
27,14,1,8,5,1.21532810200006,0.453553
28,14,1,8,5,2.59277226099994,1.591019
29,14,1,8,5,4.64790985899981,0.534132
30,14,1,8,5,10.1090274910002,0.646681
25,14,1,8,6,0.300279882999803,0.226281
26,14,1,8,6,0.607874205999906,0.278581
27,14,1,8,6,1.19995317799976,0.453553
28,14,1,8,6,2.33845306700005,1.591019
29,14,1,8,6,4.54552587800026,0.534132
30,14,1,8,6,9.00290254100037,0.646681
25,14,1,8,7,0.263536982000005,0.226281
26,14,1,8,7,0.532752198000253,0.278581
27,14,1,8,7,1.09414694700035,0.453553
28,14,1,8,7,2.17028613399998,1.591019
29,14,1,8,7,4.40585672499947,0.534132
30,14,1,8,7,8.63389529899996,0.646681
25,14,1,8,8,0.247405231999892,0.226281
26,14,1,8,8,0.489940551000018,0.278581
27,14,1,8,8,0.978454153999792,0.453553
28,14,1,8,8,1.90122573999997,1.591019
29,14,1,8,8,3.79419469100048,0.534132
30,14,1,8,8,7.55326620699998,0.646681
25,14,1,9,1,1.23173980199999,0.226281
26,14,1,9,1,2.7373126159996,0.278581
27,14,1,9,1,5.59003753299976,0.453553
28,14,1,9,1,10.9022022510003,1.591019
29,14,1,9,1,19.8594004699999,0.534132
30,14,1,9,1,38.7071411659999,0.646681
25,14,1,9,2,0.628058394000163,0.226281
26,14,1,9,2,1.35418572300023,0.278581
27,14,1,9,2,2.72491806400012,0.453553
28,14,1,9,2,5.45537338900021,1.591019
29,14,1,9,2,9.80375038199963,0.534132
30,14,1,9,2,19.4829969140001,0.646681
25,14,1,9,3,0.424783809000019,0.226281
26,14,1,9,3,0.912236126000153,0.278581
27,14,1,9,3,1.80373308799972,0.453553
28,14,1,9,3,3.66805520300022,1.591019
29,14,1,9,3,6.5761486880001,0.534132
30,14,1,9,3,12.9694976829996,0.646681
25,14,1,9,4,0.322938304000218,0.226281
26,14,1,9,4,0.835004667000248,0.278581
27,14,1,9,4,1.37687236600004,0.453553
28,14,1,9,4,2.74280194799985,1.591019
29,14,1,9,4,4.94775309700071,0.534132
30,14,1,9,4,9.76086157999998,0.646681
25,14,1,9,5,0.323244192999937,0.226281
26,14,1,9,5,0.608512813999823,0.278581
27,14,1,9,5,1.3385247629999,0.453553
28,14,1,9,5,2.64203671699988,1.591019
29,14,1,9,5,4.70759305699994,0.534132
30,14,1,9,5,9.93184979999933,0.646681
25,14,1,9,6,0.31174488600027,0.226281
26,14,1,9,6,0.637993367000036,0.278581
27,14,1,9,6,1.13931588900004,0.453553
28,14,1,9,6,2.30533340800002,1.591019
29,14,1,9,6,4.44836238800053,0.534132
30,14,1,9,6,9.17865117699967,0.646681
25,14,1,9,7,0.276368361000095,0.226281
26,14,1,9,7,0.546275724000225,0.278581
27,14,1,9,7,1.0912204250003,0.453553
28,14,1,9,7,2.16831522200027,1.591019
29,14,1,9,7,4.18987319700045,0.534132
30,14,1,9,7,8.26856066900018,0.646681
25,14,1,9,8,0.249320175999856,0.226281
26,14,1,9,8,0.483702988000005,0.278581
27,14,1,9,8,0.961369412000295,0.453553
28,14,1,9,8,1.90780346700012,1.591019
29,14,1,9,8,3.81790476800052,0.534132
30,14,1,9,8,7.46448505900025,0.646681
25,14,1,10,1,1.2196710180001,0.226281
26,14,1,10,1,2.76041265499998,0.278581
27,14,1,10,1,5.39804314100002,0.453553
28,14,1,10,1,10.805397908,1.591019
29,14,1,10,1,19.4206617530008,0.534132
30,14,1,10,1,38.7711703249997,0.646681
25,14,1,10,2,0.612896788999933,0.226281
26,14,1,10,2,1.29208961099994,0.278581
27,14,1,10,2,2.73400886199988,0.453553
28,14,1,10,2,5.26056524700016,1.591019
29,14,1,10,2,9.73779412899967,0.534132
30,14,1,10,2,19.5186474029997,0.646681
25,14,1,10,3,0.420508995000091,0.226281
26,14,1,10,3,0.938577321000139,0.278581
27,14,1,10,3,1.87503775100004,0.453553
28,14,1,10,3,3.44241540799976,1.591019
29,14,1,10,3,6.51418345399998,0.534132
30,14,1,10,3,12.9957293610005,0.646681
25,14,1,10,4,0.311993973999961,0.226281
26,14,1,10,4,0.700300856000013,0.278581
27,14,1,10,4,1.38658845000009,0.453553
28,14,1,10,4,2.65596413499998,1.591019
29,14,1,10,4,6.6867763070004,0.534132
30,14,1,10,4,9.77281158500045,0.646681
25,14,1,10,5,0.325955773999794,0.226281
26,14,1,10,5,0.607776867000211,0.278581
27,14,1,10,5,1.23035012199989,0.453553
28,14,1,10,5,2.40887838300023,1.591019
29,14,1,10,5,4.73646822499995,0.534132
30,14,1,10,5,11.2075664009999,0.646681
25,14,1,10,6,0.287184876000083,0.226281
26,14,1,10,6,0.584263229000044,0.278581
27,14,1,10,6,1.14210505200026,0.453553
28,14,1,10,6,2.27344538499983,1.591019
29,14,1,10,6,4.61519735300044,0.534132
30,14,1,10,6,9.28187866299959,0.646681
25,14,1,10,7,0.272590196000237,0.226281
26,14,1,10,7,0.531867215999682,0.278581
27,14,1,10,7,1.09054603300001,0.453553
28,14,1,10,7,2.10332978199995,1.591019
29,14,1,10,7,4.32879027800027,0.534132
30,14,1,10,7,8.5052237459995,0.646681
25,14,1,10,8,0.249159495000185,0.226281
26,14,1,10,8,0.480873685999995,0.278581
27,14,1,10,8,0.961118732999694,0.453553
28,14,1,10,8,1.93084344899989,1.591019
29,14,1,10,8,3.82783651099999,0.534132
30,14,1,10,8,7.55703288099994,0.646681
25,14,1,11,1,1.21783965399982,0.226281
26,14,1,11,1,2.7246417350002,0.278581
27,14,1,11,1,5.43593594200001,0.453553
28,14,1,11,1,11.102511567,1.591019
29,14,1,11,1,19.5797597840001,0.534132
30,14,1,11,1,38.8024287999997,0.646681
25,14,1,11,2,0.622334248999778,0.226281
26,14,1,11,2,1.36958640600005,0.278581
27,14,1,11,2,2.74086739599989,0.453553
28,14,1,11,2,5.21733411500009,1.591019
29,14,1,11,2,9.92897640499996,0.534132
30,14,1,11,2,19.4970954700002,0.646681
25,14,1,11,3,0.414170204999664,0.226281
26,14,1,11,3,0.899668940000083,0.278581
27,14,1,11,3,1.82427997600007,0.453553
28,14,1,11,3,3.68761757099992,1.591019
29,14,1,11,3,6.70288242900006,0.534132
30,14,1,11,3,13.1663845080002,0.646681
25,14,1,11,4,0.343521608999708,0.226281
26,14,1,11,4,0.881188584000029,0.278581
27,14,1,11,4,1.35606159700001,0.453553
28,14,1,11,4,2.71525517100008,1.591019
29,14,1,11,4,4.91713113100013,0.534132
30,14,1,11,4,9.72483892499986,0.646681
25,14,1,11,5,0.318857133000165,0.226281
26,14,1,11,5,0.622350519000065,0.278581
27,14,1,11,5,1.20277881099992,0.453553
28,14,1,11,5,2.40293831400004,1.591019
29,14,1,11,5,4.80497086200012,0.534132
30,14,1,11,5,9.75647447400024,0.646681
25,14,1,11,6,0.296907508999993,0.226281
26,14,1,11,6,0.605160940000133,0.278581
27,14,1,11,6,1.19841351600007,0.453553
28,14,1,11,6,2.32287575200007,1.591019
29,14,1,11,6,4.42191563599954,0.534132
30,14,1,11,6,9.09600943300029,0.646681
25,14,1,11,7,0.273595536000357,0.226281
26,14,1,11,7,0.540986357999827,0.278581
27,14,1,11,7,1.08345757999996,0.453553
28,14,1,11,7,2.13936909199992,1.591019
29,14,1,11,7,4.27127904899953,0.534132
30,14,1,11,7,8.17896044200006,0.646681
25,14,1,11,8,0.25370571700023,0.226281
26,14,1,11,8,0.48504978300025,0.278581
27,14,1,11,8,0.969033918999685,0.453553
28,14,1,11,8,1.91017358699992,1.591019
29,14,1,11,8,3.80451803100004,0.534132
30,14,1,11,8,7.58739389099992,0.646681
25,14,1,12,1,1.22550332600031,0.226281
26,14,1,12,1,2.7249870669998,0.278581
27,14,1,12,1,5.48316754200005,0.453553
28,14,1,12,1,10.4251488519999,1.591019
29,14,1,12,1,19.369331545,0.534132
30,14,1,12,1,38.8138121479997,0.646681
25,14,1,12,2,0.615738840000176,0.226281
26,14,1,12,2,1.39468536699997,0.278581
27,14,1,12,2,2.64285642999994,0.453553
28,14,1,12,2,5.15412938999998,1.591019
29,14,1,12,2,9.7236018829999,0.534132
30,14,1,12,2,19.4453551569995,0.646681
25,14,1,12,3,0.414812905999952,0.226281
26,14,1,12,3,0.914702198999748,0.278581
27,14,1,12,3,1.82663763499977,0.453553
28,14,1,12,3,3.72768426699986,1.591019
29,14,1,12,3,6.51530751199971,0.534132
30,14,1,12,3,12.9451914069996,0.646681
25,14,1,12,4,0.321948238000004,0.226281
26,14,1,12,4,0.699322172000393,0.278581
27,14,1,12,4,1.38142069299965,0.453553
28,14,1,12,4,2.64671036299978,1.591019
29,14,1,12,4,5.00159648499994,0.534132
30,14,1,12,4,11.5309997920003,0.646681
25,14,1,12,5,0.326241830000072,0.226281
26,14,1,12,5,0.643192476999957,0.278581
27,14,1,12,5,1.24788967199993,0.453553
28,14,1,12,5,2.80816302099993,1.591019
29,14,1,12,5,4.99155941699973,0.534132
30,14,1,12,5,9.82254092899984,0.646681
25,14,1,12,6,0.280836369999633,0.226281
26,14,1,12,6,0.590295710999726,0.278581
27,14,1,12,6,1.18563582099978,0.453553
28,14,1,12,6,2.36070515200026,1.591019
29,14,1,12,6,4.50663076000001,0.534132
30,14,1,12,6,9.08455381099975,0.646681
25,14,1,12,7,0.271056260000023,0.226281
26,14,1,12,7,0.541301425999791,0.278581
27,14,1,12,7,1.08420310700012,0.453553
28,14,1,12,7,2.11214623299975,1.591019
29,14,1,12,7,4.24107416799961,0.534132
30,14,1,12,7,8.57848981999996,0.646681
25,14,1,12,8,0.241451686000346,0.226281
26,14,1,12,8,0.48816725100005,0.278581
27,14,1,12,8,0.970387384999867,0.453553
28,14,1,12,8,1.90855469200005,1.591019
29,14,1,12,8,3.79592076599965,0.534132
30,14,1,12,8,7.48718089700014,0.646681
25,14,1,13,1,1.25778901600006,0.226281
26,14,1,13,1,2.75056826800028,0.278581
27,14,1,13,1,5.47658606599998,0.453553
28,14,1,13,1,10.9833904249999,1.591019
29,14,1,13,1,19.4251443200001,0.534132
30,14,1,13,1,38.9035762740004,0.646681
25,14,1,13,2,0.621336484000039,0.226281
26,14,1,13,2,1.36616142599996,0.278581
27,14,1,13,2,2.77541458799988,0.453553
28,14,1,13,2,5.20988751899995,1.591019
29,14,1,13,2,9.92218801400031,0.534132
30,14,1,13,2,19.4472744880004,0.646681
25,14,1,13,3,0.415589839000404,0.226281
26,14,1,13,3,0.912191328000063,0.278581
27,14,1,13,3,1.87862666399997,0.453553
28,14,1,13,3,3.52662859500015,1.591019
29,14,1,13,3,6.49760631699974,0.534132
30,14,1,13,3,12.9807560099998,0.646681
25,14,1,13,4,0.314070887999605,0.226281
26,14,1,13,4,0.713231398000062,0.278581
27,14,1,13,4,1.72404654100001,0.453553
28,14,1,13,4,2.63360519399976,1.591019
29,14,1,13,4,4.97526442300023,0.534132
30,14,1,13,4,9.76259301499977,0.646681
25,14,1,13,5,0.312388557999839,0.226281
26,14,1,13,5,0.605394112999875,0.278581
27,14,1,13,5,1.23243578099982,0.453553
28,14,1,13,5,2.83206301099972,1.591019
29,14,1,13,5,4.75621102599962,0.534132
30,14,1,13,5,10.071367814,0.646681
25,14,1,13,6,0.301393423999798,0.226281
26,14,1,13,6,0.607565482000155,0.278581
27,14,1,13,6,1.1565528379997,0.453553
28,14,1,13,6,2.53310456500003,1.591019
29,14,1,13,6,4.64890011100033,0.534132
30,14,1,13,6,9.20834684100009,0.646681
25,14,1,13,7,0.274349877999612,0.226281
26,14,1,13,7,0.551371928000208,0.278581
27,14,1,13,7,1.0830604810003,0.453553
28,14,1,13,7,2.1750346140002,1.591019
29,14,1,13,7,4.3329467349995,0.534132
30,14,1,13,7,8.642774766,0.646681
25,14,1,13,8,0.250737112000024,0.226281
26,14,1,13,8,0.483816570000272,0.278581
27,14,1,13,8,0.964228471000297,0.453553
28,14,1,13,8,1.9067044630001,1.591019
29,14,1,13,8,3.85132762000012,0.534132
30,14,1,13,8,7.63552397200056,0.646681
25,14,1,14,1,1.23181856199972,0.226281
26,14,1,14,1,2.7611340010003,0.278581
27,14,1,14,1,5.43359549300021,0.453553
28,14,1,14,1,11.054546154,1.591019
29,14,1,14,1,19.7355921369999,0.534132
30,14,1,14,1,38.8983125449995,0.646681
25,14,1,14,2,0.620042096999896,0.226281
26,14,1,14,2,1.38436916799992,0.278581
27,14,1,14,2,2.70445253600019,0.453553
28,14,1,14,2,5.4871414510003,1.591019
29,14,1,14,2,9.86782716400012,0.534132
30,14,1,14,2,19.488428093,0.646681
25,14,1,14,3,0.423830901999736,0.226281
26,14,1,14,3,0.889917968000191,0.278581
27,14,1,14,3,1.85576797699969,0.453553
28,14,1,14,3,3.71385393499986,1.591019
29,14,1,14,3,6.52571782300038,0.534132
30,14,1,14,3,12.9599846310002,0.646681
25,14,1,14,4,0.317193342999872,0.226281
26,14,1,14,4,0.683472507000261,0.278581
27,14,1,14,4,1.36213310999983,0.453553
28,14,1,14,4,2.76927225200006,1.591019
29,14,1,14,4,5.37887640500048,0.534132
30,14,1,14,4,9.73454218400002,0.646681
25,14,1,14,5,0.322046213999784,0.226281
26,14,1,14,5,0.669371506000061,0.278581
27,14,1,14,5,1.2731563289999,0.453553
28,14,1,14,5,2.79885824200028,1.591019
29,14,1,14,5,5.2331258940003,0.534132
30,14,1,14,5,10.3941156380006,0.646681
25,14,1,14,6,0.297923629999786,0.226281
26,14,1,14,6,0.598565933999907,0.278581
27,14,1,14,6,1.17443380299983,0.453553
28,14,1,14,6,2.35289233899994,1.591019
29,14,1,14,6,4.46302295400073,0.534132
30,14,1,14,6,9.14846165900053,0.646681
25,14,1,14,7,0.26978452900039,0.226281
26,14,1,14,7,0.546638266000173,0.278581
27,14,1,14,7,1.08520600800011,0.453553
28,14,1,14,7,2.16680557799964,1.591019
29,14,1,14,7,4.33690124199984,0.534132
30,14,1,14,7,8.48506839399943,0.646681
25,14,1,14,8,0.251236486999915,0.226281
26,14,1,14,8,0.491162296000311,0.278581
27,14,1,14,8,0.962631539000085,0.453553
28,14,1,14,8,1.93623713200031,1.591019
29,14,1,14,8,3.80011332199956,0.534132
30,14,1,14,8,7.59293655700003,0.646681
25,14,1,15,1,1.21074498600001,0.226281
26,14,1,15,1,2.76158171799989,0.278581
27,14,1,15,1,5.42291423000006,0.453553
28,14,1,15,1,11.1300448229999,1.591019
29,14,1,15,1,19.3915429049994,0.534132
30,14,1,15,1,38.8641892249998,0.646681
25,14,1,15,2,0.622962331000053,0.226281
26,14,1,15,2,1.30271304600001,0.278581
27,14,1,15,2,2.73700955199956,0.453553
28,14,1,15,2,5.46315382800003,1.591019
29,14,1,15,2,9.74180422099926,0.534132
30,14,1,15,2,19.4170071030003,0.646681
25,14,1,15,3,0.416187175999767,0.226281
26,14,1,15,3,0.873511221999706,0.278581
27,14,1,15,3,1.84356500299964,0.453553
28,14,1,15,3,3.65209191400027,1.591019
29,14,1,15,3,6.58430165900063,0.534132
30,14,1,15,3,12.9863262080007,0.646681
25,14,1,15,4,0.419095428999753,0.226281
26,14,1,15,4,0.650553781000326,0.278581
27,14,1,15,4,1.40557301299987,0.453553
28,14,1,15,4,2.75231977000021,1.591019
29,14,1,15,4,4.92215967999982,0.534132
30,14,1,15,4,12.7808011260004,0.646681
25,14,1,15,5,0.322903171000235,0.226281
26,14,1,15,5,0.660417782999957,0.278581
27,14,1,15,5,1.30129343599992,0.453553
28,14,1,15,5,2.44870107500037,1.591019
29,14,1,15,5,4.92626482600008,0.534132
30,14,1,15,5,10.0082740729995,0.646681
25,14,1,15,6,0.298354183999891,0.226281
26,14,1,15,6,0.58953306300009,0.278581
27,14,1,15,6,1.18636345599998,0.453553
28,14,1,15,6,2.35500291400012,1.591019
29,14,1,15,6,4.55560249500013,0.534132
30,14,1,15,6,9.26652914900023,0.646681
25,14,1,15,7,0.274875039000108,0.226281
26,14,1,15,7,0.549868194000283,0.278581
27,14,1,15,7,1.08104141600006,0.453553
28,14,1,15,7,2.16955526899983,1.591019
29,14,1,15,7,4.20248728699971,0.534132
30,14,1,15,7,8.54092737300016,0.646681
25,14,1,15,8,0.254805330999716,0.226281
26,14,1,15,8,0.492182165999566,0.278581
27,14,1,15,8,0.953162514999804,0.453553
28,14,1,15,8,1.90022525199993,1.591019
29,14,1,15,8,3.85312047300067,0.534132
30,14,1,15,8,7.53988098199989,0.646681
25,14,1,16,1,1.22126845699995,0.226281
26,14,1,16,1,2.80841234299987,0.278581
27,14,1,16,1,5.48486216299989,0.453553
28,14,1,16,1,10.9021156000003,1.591019
29,14,1,16,1,19.4148435790003,0.534132
30,14,1,16,1,38.7172649129998,0.646681
25,14,1,16,2,0.621322827999848,0.226281
26,14,1,16,2,1.39415095999993,0.278581
27,14,1,16,2,2.72981040600007,0.453553
28,14,1,16,2,5.10322190599982,1.591019
29,14,1,16,2,9.82677996000075,0.534132
30,14,1,16,2,19.4784451659998,0.646681
25,14,1,16,3,0.415038023999841,0.226281
26,14,1,16,3,0.923842450999928,0.278581
27,14,1,16,3,1.86661303500023,0.453553
28,14,1,16,3,3.68563308400007,1.591019
29,14,1,16,3,6.53857941299975,0.534132
30,14,1,16,3,12.9976517499999,0.646681
25,14,1,16,4,0.314619831000073,0.226281
26,14,1,16,4,0.694220846999997,0.278581
27,14,1,16,4,1.39861222599984,0.453553
28,14,1,16,4,2.75816776300053,1.591019
29,14,1,16,4,4.90488346399979,0.534132
30,14,1,16,4,9.77130474400019,0.646681
25,14,1,16,5,0.305992020999838,0.226281
26,14,1,16,5,0.625929670999994,0.278581
27,14,1,16,5,1.30011352100018,0.453553
28,14,1,16,5,2.49973538199993,1.591019
29,14,1,16,5,4.88836690400058,0.534132
30,14,1,16,5,9.87579316199935,0.646681
25,14,1,16,6,0.301869152000108,0.226281
26,14,1,16,6,0.606536380999842,0.278581
27,14,1,16,6,1.15028981000023,0.453553
28,14,1,16,6,2.29493966300015,1.591019
29,14,1,16,6,4.65814110700012,0.534132
30,14,1,16,6,9.32522857000004,0.646681
25,14,1,16,7,0.263820943000155,0.226281
26,14,1,16,7,0.541187098999671,0.278581
27,14,1,16,7,1.08461334399999,0.453553
28,14,1,16,7,2.16599041900008,1.591019
29,14,1,16,7,4.27137095600028,0.534132
30,14,1,16,7,8.30702952299998,0.646681
25,14,1,16,8,0.245287037999788,0.226281
26,14,1,16,8,0.487649496000358,0.278581
27,14,1,16,8,0.975507904000096,0.453553
28,14,1,16,8,1.90229076499963,1.591019
29,14,1,16,8,3.80085572299959,0.534132
30,14,1,16,8,7.55963080699985,0.646681
25,14,1,17,1,1.22233952799979,0.226281
26,14,1,17,1,2.79646004400001,0.278581
27,14,1,17,1,5.4910076340002,0.453553
28,14,1,17,1,10.8825402599996,1.591019
29,14,1,17,1,19.4171373749996,0.534132
30,14,1,17,1,38.7402340250001,0.646681
25,14,1,17,2,0.613757498000268,0.226281
26,14,1,17,2,1.39369260000012,0.278581
27,14,1,17,2,2.55943068999977,0.453553
28,14,1,17,2,5.45745171399994,1.591019
29,14,1,17,2,9.81672585300021,0.534132
30,14,1,17,2,19.5048120379997,0.646681
25,14,1,17,3,0.419715342000018,0.226281
26,14,1,17,3,0.897089975999734,0.278581
27,14,1,17,3,1.78105160799987,0.453553
28,14,1,17,3,3.73608479100039,1.591019
29,14,1,17,3,6.51942708800016,0.534132
30,14,1,17,3,12.955080408,0.646681
25,14,1,17,4,0.322570281000026,0.226281
26,14,1,17,4,0.648237835000145,0.278581
27,14,1,17,4,1.41285045799987,0.453553
28,14,1,17,4,3.47904570599985,1.591019
29,14,1,17,4,4.91975435299992,0.534132
30,14,1,17,4,9.72810669699993,0.646681
25,14,1,17,5,0.322514922000209,0.226281
26,14,1,17,5,0.62407216299971,0.278581
27,14,1,17,5,1.33796359400003,0.453553
28,14,1,17,5,2.75872680900011,1.591019
29,14,1,17,5,4.73360599999978,0.534132
30,14,1,17,5,9.80347008700028,0.646681
25,14,1,17,6,0.298729934000221,0.226281
26,14,1,17,6,0.602944620000017,0.278581
27,14,1,17,6,1.1779304239999,0.453553
28,14,1,17,6,2.36809702000028,1.591019
29,14,1,17,6,4.51317523399939,0.534132
30,14,1,17,6,9.11240482999983,0.646681
25,14,1,17,7,0.272442142000273,0.226281
26,14,1,17,7,0.554036271000314,0.278581
27,14,1,17,7,1.08614259200021,0.453553
28,14,1,17,7,2.15128721500059,1.591019
29,14,1,17,7,4.39863971500017,0.534132
30,14,1,17,7,8.48939105600039,0.646681
25,14,1,17,8,0.24191345700001,0.226281
26,14,1,17,8,0.485915916999602,0.278581
27,14,1,17,8,0.970025758999782,0.453553
28,14,1,17,8,1.9394832450007,1.591019
29,14,1,17,8,3.7890048420004,0.534132
30,14,1,17,8,7.63917007700002,0.646681
25,14,1,18,1,1.21591527100009,0.226281
26,14,1,18,1,2.73150971399991,0.278581
27,14,1,18,1,5.50896451100016,0.453553
28,14,1,18,1,11.0481960429997,1.591019
29,14,1,18,1,19.3697165619997,0.534132
30,14,1,18,1,38.9279106429994,0.646681
25,14,1,18,2,0.618492162000166,0.226281
26,14,1,18,2,1.37686566899993,0.278581
27,14,1,18,2,2.72829758899979,0.453553
28,14,1,18,2,5.4533885790006,1.591019
29,14,1,18,2,9.84121196399974,0.534132
30,14,1,18,2,19.4534525670006,0.646681
25,14,1,18,3,0.422269367999888,0.226281
26,14,1,18,3,0.93419190700024,0.278581
27,14,1,18,3,1.83810484900005,0.453553
28,14,1,18,3,3.58530957400035,1.591019
29,14,1,18,3,6.51527264499964,0.534132
30,14,1,18,3,12.9730211549995,0.646681
25,14,1,18,4,0.328022636000242,0.226281
26,14,1,18,4,0.880143792999661,0.278581
27,14,1,18,4,1.35341591299994,0.453553
28,14,1,18,4,2.75766259000011,1.591019
29,14,1,18,4,4.92807385499964,0.534132
30,14,1,18,4,9.70084795000002,0.646681
25,14,1,18,5,0.302199569000095,0.226281
26,14,1,18,5,0.652458593000119,0.278581
27,14,1,18,5,1.2216550459998,0.453553
28,14,1,18,5,2.79177489499943,1.591019
29,14,1,18,5,5.14297370999975,0.534132
30,14,1,18,5,10.2057935909997,0.646681
25,14,1,18,6,0.311911211999814,0.226281
26,14,1,18,6,0.574254186999951,0.278581
27,14,1,18,6,1.16871364300005,0.453553
28,14,1,18,6,2.29310566299955,1.591019
29,14,1,18,6,4.48589591200016,0.534132
30,14,1,18,6,9.12559335999958,0.646681
25,14,1,18,7,0.273327633000008,0.226281
26,14,1,18,7,0.55266181099978,0.278581
27,14,1,18,7,1.09035397200023,0.453553
28,14,1,18,7,2.13764567900034,1.591019
29,14,1,18,7,4.326672057,0.534132
30,14,1,18,7,8.6786319769999,0.646681
25,14,1,18,8,0.24975537399996,0.226281
26,14,1,18,8,0.488410297999962,0.278581
27,14,1,18,8,0.970019131000299,0.453553
28,14,1,18,8,1.91044734099978,1.591019
29,14,1,18,8,3.8591660560005,0.534132
30,14,1,18,8,7.60242905599989,0.646681
25,14,1,19,1,1.21485014200016,0.226281
26,14,1,19,1,2.7729535110002,0.278581
27,14,1,19,1,5.58581550200006,0.453553
28,14,1,19,1,10.8306809640007,1.591019
29,14,1,19,1,19.5037137720001,0.534132
30,14,1,19,1,38.8097375840007,0.646681
25,14,1,19,2,0.617217255000014,0.226281
26,14,1,19,2,1.38786113900005,0.278581
27,14,1,19,2,2.78114596799969,0.453553
28,14,1,19,2,5.23816103100035,1.591019
29,14,1,19,2,9.79755437499989,0.534132
30,14,1,19,2,19.4249282629999,0.646681
25,14,1,19,3,0.417209660000026,0.226281
26,14,1,19,3,0.902772798000115,0.278581
27,14,1,19,3,1.86534543800008,0.453553
28,14,1,19,3,3.67769656900055,1.591019
29,14,1,19,3,6.55075898499945,0.534132
30,14,1,19,3,13.0464638399999,0.646681
25,14,1,19,4,0.319389753999985,0.226281
26,14,1,19,4,0.876119166999615,0.278581
27,14,1,19,4,1.39231775400003,0.453553
28,14,1,19,4,2.78733547499996,1.591019
29,14,1,19,4,4.91394838900032,0.534132
30,14,1,19,4,9.74406474499938,0.646681
25,14,1,19,5,0.328183309999986,0.226281
26,14,1,19,5,0.61740173599992,0.278581
27,14,1,19,5,1.41385998199985,0.453553
28,14,1,19,5,2.62135695199959,1.591019
29,14,1,19,5,4.81461194799977,0.534132
30,14,1,19,5,9.677220949,0.646681
25,14,1,19,6,0.299205130999781,0.226281
26,14,1,19,6,0.6110472080004,0.278581
27,14,1,19,6,1.1700544270002,0.453553
28,14,1,19,6,2.35795276499994,1.591019
29,14,1,19,6,4.57493636500021,0.534132
30,14,1,19,6,9.06369501699919,0.646681
25,14,1,19,7,0.270551053999952,0.226281
26,14,1,19,7,0.538119828000163,0.278581
27,14,1,19,7,1.09315854800025,0.453553
28,14,1,19,7,2.1660908620006,1.591019
29,14,1,19,7,4.41493012000046,0.534132
30,14,1,19,7,8.39171139799964,0.646681
25,14,1,19,8,0.244554702999721,0.226281
26,14,1,19,8,0.483252669000194,0.278581
27,14,1,19,8,0.95709703600005,0.453553
28,14,1,19,8,1.93430429099953,1.591019
29,14,1,19,8,3.80100063500049,0.534132
30,14,1,19,8,7.67010126599962,0.646681
25,14,1,20,1,1.21690028400008,0.226281
26,14,1,20,1,2.69755800899975,0.278581
27,14,1,20,1,5.58275994799988,0.453553
28,14,1,20,1,10.8068637659999,1.591019
29,14,1,20,1,19.39786929,0.534132
30,14,1,20,1,38.8344860990001,0.646681
25,14,1,20,2,0.623031532999903,0.226281
26,14,1,20,2,1.38162432199988,0.278581
27,14,1,20,2,2.78038263999997,0.453553
28,14,1,20,2,5.41599697499987,1.591019
29,14,1,20,2,9.72552330899998,0.534132
30,14,1,20,2,19.4292384829996,0.646681
25,14,1,20,3,0.418788447000225,0.226281
26,14,1,20,3,0.90916266999966,0.278581
27,14,1,20,3,1.83119323600022,0.453553
28,14,1,20,3,3.71604108200063,1.591019
29,14,1,20,3,6.57474455500051,0.534132
30,14,1,20,3,12.9400217439998,0.646681
25,14,1,20,4,0.313777210999888,0.226281
26,14,1,20,4,0.674158826999701,0.278581
27,14,1,20,4,1.32917458700013,0.453553
28,14,1,20,4,2.76843724799983,1.591019
29,14,1,20,4,4.96857712600013,0.534132
30,14,1,20,4,9.73469941099938,0.646681
25,14,1,20,5,0.305501995000213,0.226281
26,14,1,20,5,0.625943100999848,0.278581
27,14,1,20,5,1.28009173999999,0.453553
28,14,1,20,5,2.45607448800001,1.591019
29,14,1,20,5,4.78429224299998,0.534132
30,14,1,20,5,9.84400858699973,0.646681
25,14,1,20,6,0.284213856999941,0.226281
26,14,1,20,6,0.639895643000273,0.278581
27,14,1,20,6,1.18903628099997,0.453553
28,14,1,20,6,2.28742824199981,1.591019
29,14,1,20,6,4.46664994000002,0.534132
30,14,1,20,6,9.30952972299929,0.646681
25,14,1,20,7,0.277531313000054,0.226281
26,14,1,20,7,0.542260504000296,0.278581
27,14,1,20,7,1.04434734899996,0.453553
28,14,1,20,7,2.20760887000051,1.591019
29,14,1,20,7,4.28755719499986,0.534132
30,14,1,20,7,8.42962876799993,0.646681
25,14,1,20,8,0.249047593999876,0.226281
26,14,1,20,8,0.48455933699961,0.278581
27,14,1,20,8,0.952817847000006,0.453553
28,14,1,20,8,1.929709946,1.591019
29,14,1,20,8,3.79015159600021,0.534132
30,14,1,20,8,7.63313217199993,0.646681
